h_s1,h_s2,s_a1,log,ty_cr,per_i,per_u,per_s,sys_vol,sys_op,m_rp,q_zx,q_km,m_xi,v_sp,class
0.628545,65,183,NE,7,2.275831,0.579416,0.219775,0.078677,0.054944,0.055808,0.086641,1.614312,0.069395,0.006413,benign
0.722738,94,40,E,4,3.413746,0.370079,0.388725,0.035583,0.055532,0.569975,1.648515,54.681382,0.120203,0.007552,benign
0.46037,89,133,N,4,3.413746,0.336147,0.191253,0.007835,0.015938,0.02833,0.017708,12.34331,0.131832,0.004365,benign
0.0296,61,125,E,4,4.551661,0.296409,0.199875,0.142089,0.039975,0.137914,3.843842,4.417937,0.142102,0.005324,benign
0.87817,78,246,S,6,4.551661,0.707766,0.330411,0.061189,0.082603,0.818331,0.072186,60.872714,0.040391,0.012659,benign
0.976326,59,179,S,5,5.689577,0.361614,0.211019,0.021962,0.042204,0.205361,0.219282,53.202168,0.115845,0.016734,benign
0.944362,74,188,S,2,4.551661,0.161807,0.066954,0.017424,0.066954,0.220869,0.097337,57.698746,0.212841,0.002944,benign
0.989718,81,248,SW,4,5.689577,0.325826,0.224705,0.043573,0.044941,0.673677,0.050861,87.965053,0.127714,0.002477,benign
0.536401,90,41,N,8,7.965407,0.509602,0.360817,0.231183,0.060136,0.245955,4.622554,8.474356,0.073942,0.011266,benign
0.039426,78,140,NE,3,6.827492,0.555562,0.410064,0.056403,0.136688,0.194885,0.090871,23.590548,0.065579,0.008945,benign
0.156958,62,37,N,6,1.137915,0.165482,0.012766,0.000305,0.006383,0.013825,0.000417,51.526581,0.250854,0.01947,benign
0.162757,76,67,S,5,2.275831,0.819994,0.746467,0.177377,0.373234,0.503435,0.423692,6.459305,0.025236,0.000187,benign
0.591391,94,242,E,2,3.413746,0.17038,0.056745,0.049648,0.011349,0.41115,0.135051,28.270334,0.214002,0.002827,benign
0.892234,96,198,SW,3,2.275831,0.354846,0.129211,0.010107,0.025842,0.164258,0.015055,36.986522,0.131745,0.012787,benign
0.825477,70,179,SE,9,7.965407,0.490071,0.709748,0.042591,0.088719,0.391907,0.04265,73.294558,0.078228,0.012122,benign
0.436109,76,204,SE,6,5.689577,0.403958,0.709748,0.042591,0.088719,0.391907,0.04265,28.347889,0.103234,0.016283,benign
0.40061,64,151,S,5,5.689577,0.249909,0.709748,0.042591,0.088719,0.391907,0.04265,33.225702,0.157925,0.021297,benign
0.03844,90,13,NE,6,3.413746,0.251965,0.145593,0.002249,0.013236,0.028738,0.006334,43.625525,0.166689,0.003532,benign
0.479826,68,211,E,3,3.413746,0.38617,0.446156,0.060694,0.03718,0.445686,0.065234,25.067702,0.115056,0.007907,virus
0.964927,96,48,E,8,3.413746,0.110571,0.093865,0.016241,0.046932,0.142005,0.044228,29.849327,0.266286,0.00846,virus
0.54209,80,194,SE,8,3.413746,0.736899,0.258267,0.047482,0.086089,0.231594,0.238904,16.650549,0.036919,0.004405,virus
0.377382,87,176,E,1,3.413746,0.810682,0.623996,0.097926,0.069333,0.290845,0.217555,10.13895,0.025379,0.00612,virus
0.852721,94,115,N,4,5.689577,0.233422,0.373212,0.043568,0.062202,0.703666,0.892486,91.892674,0.165698,0.010092,virus
0.310979,72,30,E,8,5.689577,0.414016,0.162256,0.002318,0.032451,0.03291,0.020751,80.79412,0.100433,0.010764,virus
0.809765,94,63,E,8,3.413746,0.089183,0.098192,0.037061,0.019638,0.276345,0.089078,25.454843,0.292281,0.003112,virus
0.363805,75,28,S,9,3.413746,0.659503,0.449599,0.016526,0.064228,0.104913,0.037757,21.67218,0.050337,0.01145,virus
0.345071,71,153,E,9,5.689577,0.40179,0.50962,0.018182,0.050962,0.307159,0.020575,96.118058,0.103847,0.007156,virus
0.706743,83,192,E,3,6.827492,0.848214,0.69316,1.320906,0.34658,0.797958,4.846187,4.124482,0.018367,0.010277,virus
0.756952,66,120,E,4,6.827492,0.459073,0.338936,0.146788,0.084734,0.584771,0.267406,27.199149,0.086864,0.001002,virus
0.159484,89,206,SW,1,2.275831,0.216442,0.399178,0.005801,0.044353,0.064522,0.008425,25.313221,0.194608,0.00419,virus
0.99306,76,39,W,2,4.551661,0.195266,0.234426,0.060161,0.021311,0.720593,0.10357,54.518578,0.190876,0.004943,virus
0.207891,70,135,N,7,5.689577,0.921148,0.455751,0.084726,0.041432,0.577076,0.545333,38.752035,0.009354,0.021703,virus
0.591804,88,150,NW,6,4.551661,0.185851,0.473301,0.061261,0.118325,0.801768,0.071531,59.570923,0.196651,0.002664,benign
0.036351,91,169,S,1,5.689577,0.833134,0.577865,0.019271,0.096311,0.156785,0.091954,46.288609,0.020792,0.013046,benign
0.477603,91,241,NW,8,1.137915,0.532286,0.076053,0.012683,0.076053,0.660911,0.02147,59.299088,0.087933,0.019146,benign
0.423671,89,95,S,7,3.413746,0.170173,0.573272,0.020606,0.071659,0.330164,0.022078,54.6973,0.214149,0.006462,benign
0.882875,67,46,SE,2,5.689577,0.257177,0.419719,0.073885,0.041972,0.817195,0.139362,62.929017,0.15466,0.011781,benign
0.004275,63,174,E,9,2.275831,0.186843,0.231373,0.029712,0.077124,0.42724,0.056273,32.724597,0.213307,0.02037,benign
0.358916,78,144,N,6,4.551661,0.657461,0.351359,0.131978,0.351359,0.486108,0.140961,16.764886,0.049007,0.010544,benign
0.92924,67,195,E,8,3.413746,0.183945,0.806362,0.030447,0.268787,0.324797,0.158059,36.416579,0.204738,0.013739,benign
0.940488,63,102,SW,6,3.413746,0.545546,0.444965,0.041832,0.111241,0.569415,0.175156,46.467807,0.073276,0.00586,benign
0.137247,62,34,W,3,1.137915,0.724391,0.164147,0.006611,0.032829,0.395097,0.192254,68.006927,0.044962,0.005645,benign
0.032776,82,100,SW,9,2.275831,0.112014,0.116825,0.05291,0.016689,0.89321,0.226449,38.42015,0.278366,0.012057,virus
0.593864,78,209,W,9,2.275831,0.073547,0.249387,0.216257,0.124693,0.235674,0.243546,2.480159,0.331862,0.003871,virus
0.441294,63,223,E,2,5.689577,0.547012,0.809874,0.023976,0.067489,0.07826,0.062041,18.571376,0.068707,0.001399,virus
0.834105,63,9,SW,4,5.689577,0.944309,0.341994,0.031495,0.042749,0.134716,0.081352,24.3367,0.006526,0.020823,virus
0.175996,76,5,W,7,1.137915,0.068684,0.542928,0.012622,0.060325,0.482599,0.016149,43.508532,0.373479,0.016951,virus
0.63561,85,57,E,9,2.275831,0.035056,0.150484,0.002893,0.075242,0.098559,0.010605,77.534634,0.426084,0.001248,virus
0.858326,71,133,SW,8,6.827492,0.387769,0.755004,0.228142,0.107858,0.306887,0.301859,9.184045,0.105697,0.005361,virus
0.28461,67,153,SE,7,6.827492,0.95606,0.64728,0.977762,0.08091,0.122138,5.159518,0.852862,0.005013,0.010838,virus
0.199383,88,8,SW,1,1.137915,0.034722,0.075955,0.003281,0.012659,0.067246,0.003834,23.32149,0.468605,0.01366,virus
0.644463,88,141,NW,2,5.689577,0.217118,1.280273,0.218957,0.213379,0.801236,2.183957,20.820025,0.173944,0.000004,virus
0.197957,91,199,SW,8,4.551661,0.178341,0.157207,0.012127,0.022458,0.160011,0.013699,60.055892,0.201471,0.005446,benign
0.947374,72,6,W,2,3.413746,0.13323,0.331874,0.012105,0.055312,0.121131,0.093601,34.158891,0.243743,0.003562,benign
0.387195,95,90,S,2,3.413746,0.133582,0.402018,0.025231,0.050252,0.085554,0.05565,11.575329,0.243424,0.001793,benign
0.36916,62,225,NE,4,2.275831,0.658787,0.275506,0.026611,0.091835,0.141627,0.091581,12.112417,0.05307,0.010457,benign
0.207397,65,130,NE,7,2.275831,0.089984,0.054712,0.034169,0.004974,0.427788,1.630365,28.492739,0.306213,0.005697,benign
0.910003,77,135,NE,4,6.827492,0.4066,1.067493,0.061318,0.152499,0.271782,0.095528,30.261566,0.100407,0.002569,benign
0.809368,82,114,S,2,5.689577,0.786325,0.770226,0.05641,0.070021,0.266503,0.082226,26.879708,0.027377,0.002958,benign
0.253524,88,159,SE,7,1.137915,0.264784,0.130806,0.002361,0.013081,0.122453,0.030332,59.026426,0.185306,0.002765,benign
0.87573,81,250,E,4,3.413746,0.093735,0.165008,0.052872,0.055003,0.306408,0.198919,19.783434,0.28626,0.002743,benign
0.321806,61,101,NE,8,1.137915,0.646399,0.591196,0.020516,0.118239,0.198241,0.147534,10.995252,0.060847,0.003855,benign
0.3869,67,110,E,6,3.413746,0.158825,0.716131,0.164533,0.089516,0.53725,0.25048,11.146906,0.222494,0.003005,benign
0.922252,68,142,N,9,6.827492,0.751141,1.133909,0.103789,0.226782,0.538606,0.135711,35.430799,0.031928,0.001811,benign
0.479345,60,172,NW,8,6.827492,0.314443,0.391802,0.091963,0.055972,0.111943,0.11836,8.310807,0.129084,0.004362,benign
0.867522,82,43,NW,2,3.413746,0.222811,0.297754,0.038865,0.042536,0.391424,0.053214,34.380957,0.181559,0.023518,benign
0.609159,60,155,S,5,5.689577,0.344073,0.466019,0.028882,0.058252,0.21313,0.036388,41.98576,0.121508,0.001275,benign
0.30977,74,149,N,4,5.689577,0.614004,0.425376,0.270532,0.035448,0.864115,0.916882,18.173256,0.05555,0.019007,benign
0.283334,85,116,NW,7,4.551661,0.603952,0.289185,0.025049,0.072296,0.127411,0.033729,23.151706,0.058927,0.012987,benign
0.041524,89,213,S,7,2.275831,0.11113,0.21692,0.038247,0.21692,0.469952,0.051045,27.963915,0.279374,0.011407,benign
0.088961,63,50,N,3,3.413746,0.27767,0.496904,0.106752,0.041409,0.089604,0.126131,2.865393,0.154942,0.005704,benign
0.009637,93,2,N,4,4.551661,0.274949,0.246251,0.017248,0.123125,0.253473,0.022096,66.89049,0.150884,0.00654,benign
0.732429,61,247,W,9,5.689577,0.822,0.789383,0.032814,0.071762,0.301393,0.046793,52.258317,0.022324,0.004588,benign
0.914268,62,184,NE,4,1.137915,0.051511,0.036916,0.000365,0.004102,0.005107,0.000538,15.902279,0.413602,0.00543,virus
0.315743,81,228,W,7,1.137915,0.414287,0.153469,0.001237,0.038367,0.045811,0.004618,42.136788,0.122882,0.015843,virus
0.421158,66,188,E,5,3.413746,0.4277,0.165113,0.004946,0.01501,0.087484,0.029208,60.382564,0.102705,0.005998,virus
0.851223,94,43,W,1,3.413746,0.140464,0.24222,0.331987,0.026913,0.539072,0.877441,5.543161,0.23735,0.006002,virus
0.38639,61,206,NW,1,7.965407,0.902235,1.048991,0.485634,0.174832,0.684148,2.006699,11.221457,0.011284,0.005151,benign
0.370425,74,233,NW,4,6.713701,0.942743,0.641699,0.065571,0.160425,0.337506,0.885985,34.556645,0.006591,0.016501,virus
0.393449,95,200,W,1,7.737824,0.711936,1.079941,0.27146,0.35998,0.981382,5.58712,27.973756,0.037386,0.018601,virus
0.404737,87,118,NW,4,2.275831,0.357819,0.174018,0.003009,0.01582,0.017081,0.005046,12.918873,0.130684,0.011499,benign
0.0173,93,69,NW,5,10.810196,0.46244,0.314534,0.110213,0.104845,0.548973,0.292573,53.845894,0.081852,0.01884,virus
0.859505,77,109,NW,8,3.413746,0.689355,0.819786,0.258224,0.273262,0.38328,0.520358,5.067008,0.044984,0.002612,benign
0.081261,84,227,NW,6,2.275831,0.484055,0.120855,0.10295,0.120855,0.817309,0.149098,18.067593,0.092261,0.046603,benign
0.331608,74,154,W,3,15.930815,0.853432,0.500785,1.113339,0.250392,0.529615,3.871779,7.578288,0.016156,0.017124,virus
0.63143,89,216,NW,6,16.954939,0.828463,1.054858,0.503664,0.263714,0.556355,1.218275,18.72869,0.019061,0.021935,virus
0.104387,73,42,W,3,17.979062,0.837516,0.481225,0.047879,0.048122,0.140458,0.300808,52.743855,0.017855,0.026084,virus
0.801363,80,110,NW,8,3.413746,0.341603,0.07199,0.000656,0.006545,0.010359,0.00085,53.867601,0.129885,0.056503,benign
0.081638,70,152,NW,8,3.413746,0.870007,0.647897,0.026407,0.080987,0.485175,0.036836,62.720886,0.016839,0.058006,benign
0.801439,77,90,NW,1,21.051434,0.959417,0.667128,0.10278,0.055594,0.126645,0.219683,25.939482,0.004106,0.02983,virus
0.040111,80,245,W,7,22.075558,0.664145,0.451855,0.073416,0.045185,0.18902,1.432519,56.837023,0.040375,0.037491,virus
0.366816,93,64,NW,8,3.413746,0.420385,0.036419,0.013288,0.009105,0.109353,0.02157,28.09397,0.104791,0.061702,benign
0.368936,61,143,NW,8,3.413746,0.663699,0.096979,0.026636,0.008816,0.256854,0.030564,32.919715,0.04957,0.063807,benign
0.973669,66,1,NW,8,25.147929,0.960076,0.622314,0.199472,0.103719,0.269601,0.236146,33.989199,0.003968,0.035044,virus
0.547998,95,18,NW,2,3.413746,0.203777,0.030209,0.016259,0.007552,0.159073,0.03224,33.39797,0.192357,0.035478,benign
0.021824,77,64,NW,7,3.413746,0.206836,0.032779,0.03905,0.010926,0.807999,0.15586,70.634537,0.190555,0.045286,benign
0.096034,66,100,W,8,30.268548,0.746978,0.537823,0.101091,0.134456,0.183831,0.103269,55.042355,0.027911,0.017229,virus
0.094667,88,174,NW,3,31.292672,0.970502,0.545926,1.565667,0.272963,0.293911,5.675908,5.87433,0.002856,0.043201,virus
0.022803,88,10,W,8,32.316796,0.799562,0.439295,0.071013,0.039936,0.175547,0.093966,79.888387,0.021269,0.043501,virus
0.534642,81,104,NW,8,2.275831,0.912129,0.074211,0.001384,0.007421,0.02153,0.00188,35.410727,0.011695,0.073163,benign
0.606907,59,14,NW,1,4.551661,0.19435,0.11876,0.052563,0.013196,0.079156,0.077215,6.854521,0.191425,0.061018,benign
0.668778,80,10,NW,8,35.389167,0.82392,0.496091,0.172757,0.049609,0.225426,0.177534,46.178485,0.018258,0.059115,virus
0.763534,80,62,W,3,36.413291,0.846349,0.462064,0.240003,0.05134,0.144161,1.974823,21.872081,0.015684,0.111454,virus
0.247125,84,204,NW,2,5.689577,0.377339,0.050876,0.010565,0.00424,0.091238,0.01192,49.135907,0.110997,0.09206,benign
0.045407,80,60,NW,9,1.137915,0.111086,0.194132,0.244591,0.02157,0.357344,0.460729,1.662477,0.306433,0.034661,benign
0.650794,60,131,NW,5,39.485662,0.775246,0.60874,0.295379,0.060874,0.327684,7.879857,43.804157,0.023753,0.083581,virus
0.024745,65,149,W,4,40.509786,0.848236,0.488013,0.127604,0.044365,0.202,4.877094,64.127944,0.015321,0.125362,virus
0.830192,92,112,NW,1,1.137915,0.044035,0.02856,0.016481,0.01428,0.354394,0.024609,24.469325,0.43547,0.009897,benign
0.684003,83,155,NW,9,5.689577,0.59759,0.045826,0.008182,0.007638,0.111321,0.062229,77.410236,0.058636,0.04933,benign
0.006882,75,247,NW,2,43.582157,0.841537,0.4735,0.227205,0.052611,0.438585,0.284712,84.128718,0.01595,0.152481,virus
0.114833,82,158,NW,7,45.630405,0.985237,0.720017,0.239544,0.060001,0.40292,0.331034,76.75156,0.001369,0.04855,virus
0.527685,78,183,W,8,46.654529,0.878601,0.48928,0.535444,0.069897,0.268597,3.278842,23.403537,0.011891,0.134373,virus
0.501987,86,5,NW,9,4.551661,0.565,0.044579,0.017494,0.004053,0.080502,0.209038,20.945537,0.066718,0.051615,benign
0.894088,96,15,NW,1,4.551661,0.421465,0.132084,0.001707,0.011007,0.011941,0.002667,31.83994,0.100968,0.161492,benign
0.234661,85,191,W,7,50.751024,0.858258,0.482614,0.563866,0.040218,0.213817,1.015133,19.244676,0.013935,0.166822,virus
0.951635,80,176,NW,9,6.827492,0.845529,0.493855,0.033649,0.082309,0.434422,0.584067,88.145968,0.018721,0.009964,benign
0.514212,69,37,W,2,54.847519,0.863565,0.476581,0.173546,0.095316,0.133631,0.890546,42.232793,0.013279,0.116205,virus
0.519912,64,117,NW,7,5.689577,0.336327,0.030051,0.002174,0.007513,0.029718,0.002616,77.766942,0.124102,0.114269,benign
0.816612,71,37,NW,5,5.689577,0.482885,0.0271,0.013351,0.00271,0.052828,0.036204,22.512099,0.082908,0.172568,benign
0.598909,63,189,NW,2,57.919891,0.856322,0.467965,0.559433,0.233982,0.359006,1.409369,37.16909,0.013973,0.177649,virus
0.796521,83,4,W,7,58.944015,0.93348,0.563652,0.940868,0.11273,0.785185,2.426698,49.190689,0.006191,0.053578,virus
0.612349,71,12,NW,6,59.968138,0.873274,0.565641,0.079056,0.094273,0.11203,0.114711,84.980916,0.012169,0.220958,virus
0.210718,59,234,W,1,60.992262,0.856887,0.456183,0.515306,0.152061,0.207115,2.28307,24.514346,0.013849,0.088115,virus
0.364703,64,73,NW,5,1.137915,0.044351,0.014368,0.005636,0.001796,0.364768,0.017647,73.653649,0.43447,0.197631,benign
0.461915,96,7,NW,3,5.689577,0.29184,0.582606,0.012961,0.097101,0.15611,0.01511,68.531239,0.14026,0.093963,benign
0.561375,88,103,W,3,65.088757,0.897271,0.494146,0.454759,0.044922,0.260341,0.567861,37.262127,0.009663,0.163151,virus
0.053671,68,229,NW,8,3.413746,0.166883,0.017853,0.00018,0.001623,0.002101,0.000218,39.893817,0.21651,0.164004,benign
0.069792,94,176,NW,2,2.275831,0.156873,0.126923,0.035882,0.021154,0.269639,0.036888,17.102091,0.235538,0.020199,benign
0.89713,72,178,NW,4,68.161129,0.891009,0.555532,0.211208,0.277766,0.313242,0.299561,101.089719,0.010245,0.084522,virus
0.213958,76,90,W,8,69.185253,0.943072,0.514043,1.016628,0.073435,0.949658,3.693473,64.627726,0.005197,0.136455,virus
0.089903,88,42,NW,6,5.689577,0.97901,0.048246,0.156444,0.008041,0.694553,1.143857,25.259618,0.002416,0.212128,benign
0.131518,67,12,NW,8,72.257624,0.897541,0.489319,0.197088,0.040777,0.193659,0.490493,71.000425,0.009547,0.10127,virus
0.490941,75,198,W,7,73.281748,0.919704,0.921535,0.534611,0.307178,0.401671,1.768082,55.059112,0.007384,0.190519,virus
0.90403,71,93,NW,6,74.305872,0.872099,0.601977,0.078935,0.050165,0.061753,0.444261,58.131685,0.012057,0.099606,virus
0.196741,82,209,W,3,75.329995,0.988504,0.526211,0.077961,0.047837,0.053413,0.145738,51.610698,0.001017,0.268352,virus
0.861784,78,30,NW,5,6.827492,0.696914,0.042637,0.063581,0.003876,0.989581,0.064071,106.263672,0.040288,0.265392,benign
0.554433,90,158,NW,1,3.413746,0.114867,0.21919,0.04405,0.018266,0.174728,0.115833,13.541008,0.261677,0.159153,benign
0.79797,84,21,W,1,79.426491,0.968397,0.522253,0.712875,0.043521,0.078982,1.228873,8.799948,0.002813,0.11699,virus
0.159463,74,52,NW,1,5.689577,0.398206,0.020083,0.033158,0.002869,0.052789,0.120144,9.057965,0.104867,0.066345,benign
0.327948,87,224,NW,7,4.551661,0.540064,0.01836,0.147418,0.00204,0.218894,0.19526,6.758539,0.071993,0.154099,benign
0.734,92,135,W,9,83.522986,0.915875,0.49332,0.28256,0.070474,0.340838,0.857208,100.749612,0.007663,0.196373,virus
0.442974,60,181,NW,1,4.551661,0.309856,0.016193,0.01312,0.001619,0.013784,0.213483,4.781985,0.136917,0.060824,benign
0.157137,61,28,NW,1,5.689577,0.313,0.023045,0.008314,0.007682,0.056927,0.013511,38.955212,0.132288,0.233519,benign
0.183125,81,88,NW,4,88.643605,0.956504,0.766367,0.234106,0.095796,0.166476,0.343182,63.035656,0.003858,0.066078,virus
0.232101,88,233,NW,5,1.137915,0.030958,0.003018,0.002202,0.000335,0.039516,0.259895,20.418283,0.484604,0.150174,benign
0.279581,87,242,NW,6,4.551661,0.460373,0.116915,0.029177,0.116915,0.143096,0.029565,22.322959,0.090649,0.042143,benign
0.688589,74,166,NW,5,3.413746,0.984491,0.02635,0.031563,0.004392,0.387118,0.058694,41.868673,0.00189,0.117354,benign
0.810493,81,57,NW,6,3.413746,0.145922,0.139657,0.018249,0.023276,0.079893,0.036311,14.945003,0.23274,0.087084,benign
0.05406,86,148,NW,3,96.836595,0.914622,0.614164,1.79902,0.06824,0.96416,1.809838,51.898259,0.007684,0.266942,virus
0.069092,84,57,W,1,97.860719,0.893984,0.478094,0.106359,0.039841,0.088758,0.221917,81.666429,0.00964,0.071054,virus
0.439632,71,95,NW,9,6.713701,0.77618,0.03524,0.005039,0.002937,0.044036,0.099927,58.668835,0.028322,0.200781,benign
0.287781,82,165,NW,9,7.737824,0.678409,0.031527,0.056028,0.005254,0.284676,0.115658,39.315562,0.042694,0.229616,benign
0.766644,69,41,NW,2,100.933091,0.950067,0.502542,0.225535,0.167514,0.251709,1.24774,112.646898,0.004394,0.37204,virus
0.805936,82,124,W,8,101.957214,0.904213,0.960613,0.214921,0.096061,0.248144,0.565714,117.717923,0.008631,0.050063,virus
0.148266,73,103,NW,7,102.981338,0.954068,0.592828,2.051654,0.148207,0.804193,3.769403,40.365916,0.004027,0.132849,virus
0.552112,81,86,W,2,104.005462,0.911954,0.48859,0.229629,0.122148,0.196683,0.456338,89.083178,0.007887,0.119802,virus
0.475457,60,243,NW,2,12.858443,0.707956,0.053148,0.083863,0.026574,0.79918,0.171226,122.535807,0.035992,0.098605,benign
0.802724,64,120,NW,8,13.882567,0.529428,0.038352,0.028142,0.004794,0.092989,0.03431,45.871809,0.065749,0.03949,benign
0.777757,92,235,W,5,108.101957,0.995992,0.531555,0.077778,0.048323,0.073753,0.091044,102.507358,0.000343,0.315071,virus
0.995999,72,63,NW,2,16.954939,0.929928,0.085625,0.235459,0.012232,0.16952,0.260881,12.206808,0.007359,0.128659,benign
0.831498,69,204,NW,1,17.979062,0.98893,0.113201,0.03155,0.056601,0.170489,0.448481,97.155672,0.001121,0.227032,benign
0.740815,81,236,W,7,112.198452,0.996869,0.528453,0.697027,0.176151,0.698916,0.925778,112.502387,0.000267,0.349858,virus
0.500402,75,152,NW,7,21.051434,0.713972,0.078409,1.762366,0.011201,0.572415,5.808812,6.837493,0.033394,0.261011,benign
0.389504,82,11,NW,4,22.075558,0.835074,0.088833,0.092504,0.007403,0.460255,0.110414,109.837258,0.017781,0.371312,benign
0.565868,91,41,NW,7,115.270824,0.917754,0.490177,0.587995,0.098035,0.640248,1.821694,125.514611,0.00728,0.1953,virus
0.145948,78,178,W,9,118.343195,0.943718,0.499983,0.106961,0.071426,0.091121,0.136475,100.818371,0.004903,0.435112,virus
0.673159,83,47,NW,2,27.196177,0.744774,0.089474,0.270446,0.029825,0.452943,0.446981,45.548218,0.028485,0.119885,benign
0.988284,66,151,NW,9,28.2203,0.929999,0.121853,0.02511,0.013539,0.065529,0.073704,73.644445,0.00699,0.317925,benign
0.183387,82,154,NW,6,31.292672,0.719052,0.095955,0.006956,0.023989,0.027675,0.009326,124.496455,0.031456,0.137082,benign
0.047105,94,150,NW,7,32.316796,0.817033,0.144745,0.444028,0.020678,0.379075,0.547725,27.589468,0.019213,0.285014,benign
0.429357,62,15,W,6,126.536186,0.980008,0.52167,1.176763,0.17389,0.274929,4.075367,29.562912,0.001699,0.445646,virus
0.227575,60,242,NW,4,35.389167,0.816283,0.124678,2.093842,0.062339,0.518352,2.227111,8.76095,0.019135,0.072845,benign
0.618739,86,93,NW,7,36.413291,0.828894,0.125832,0.974809,0.125832,0.452798,2.138879,16.913921,0.017643,0.308604,benign
0.703644,62,168,NW,6,129.608557,0.968887,0.513308,0.129764,0.07333,0.075876,1.175984,75.784546,0.002655,0.293893,virus
0.187638,61,133,W,8,132.680928,0.92381,0.486891,0.353958,0.069556,0.16962,0.508038,63.581838,0.006643,0.055195,virus
0.377698,71,48,NW,7,41.53391,0.911493,0.152908,0.361656,0.015291,0.74422,0.639777,85.46892,0.008606,0.199365,benign
0.817576,80,14,NW,3,42.558034,0.970693,0.192276,0.016133,0.048069,0.053233,0.041907,140.421483,0.002756,0.179916,benign
0.368288,91,193,W,6,136.777424,0.932947,0.49141,1.980073,0.098282,0.798008,2.001279,55.123943,0.005803,0.158348,virus
0.413312,90,194,NW,1,45.630405,0.959586,0.168314,0.262218,0.056105,0.471817,0.280904,82.104266,0.003798,0.352084,benign
0.57352,83,17,NW,4,46.654529,0.796739,0.159524,0.409639,0.031905,0.844007,8.03324,96.125444,0.020876,0.344733,benign
0.372977,82,197,NW,9,139.849795,0.96819,0.525239,0.371653,0.05836,0.30206,2.391249,113.662697,0.002698,0.507908,virus
0.752101,68,92,W,5,140.873919,0.980907,0.516877,1.547047,0.103375,0.179281,2.516867,16.325326,0.001608,0.343179,virus
0.604304,82,179,NW,7,49.7269,0.80557,0.153549,0.155155,0.038387,0.361345,0.276774,115.810606,0.019748,0.490829,benign
0.935384,96,126,NW,2,50.751024,0.911548,0.176125,0.303429,0.176125,0.802818,0.842443,134.278052,0.008443,0.488185,benign
0.093704,59,147,NW,2,143.94629,0.97361,0.51692,0.528488,0.057436,0.438266,2.246174,119.372379,0.002227,0.033777,virus
0.16226,71,95,NW,6,145.994538,0.943734,0.4973,0.355402,0.041442,0.337186,0.370157,138.511454,0.004816,0.136907,virus
0.531463,73,125,NW,4,55.871643,0.828815,0.169694,0.236299,0.169694,0.414953,0.465045,98.113169,0.016969,0.551051,benign
0.050306,72,188,NW,8,56.895767,0.991987,0.202163,0.035759,0.02527,0.077274,0.148878,122.950272,0.000726,0.019233,benign
0.601717,71,98,NW,5,150.091033,0.94233,0.514542,0.502792,0.057171,0.449023,0.737408,134.040415,0.004928,0.084688,virus
0.687744,76,227,NW,7,60.992262,0.967779,0.221601,0.866356,0.0554,0.337414,4.147359,23.754239,0.002937,0.519523,benign
0.637329,68,21,NW,9,154.187528,0.976517,0.519879,1.701829,0.259939,0.697482,5.544961,63.192652,0.001967,0.091947,virus
0.905037,70,31,W,3,155.211652,0.928151,0.488299,0.473664,0.24415,0.310874,0.477777,101.868127,0.006169,0.060543,virus
0.661809,62,23,NW,4,64.064634,0.87817,0.190729,0.051632,0.015894,0.061724,0.124413,76.586894,0.011598,0.392925,benign
0.930644,88,18,NW,3,65.088757,0.95259,0.211268,0.063922,0.052817,0.146914,0.534776,149.594959,0.00433,0.427709,benign
0.359573,96,34,NW,1,158.284024,0.95401,0.504605,0.337411,0.045873,0.049395,0.648685,23.171801,0.003889,0.424065,virus
0.34823,89,34,W,8,159.308147,0.983422,0.531855,0.323961,0.132964,0.296152,0.353818,145.632904,0.00138,0.423208,virus
0.08678,81,92,NW,9,160.332271,0.960081,0.503361,0.558663,0.12584,0.266957,3.300259,76.614708,0.003361,0.015519,virus
0.091313,77,248,W,2,161.356395,0.937375,0.495646,0.076314,0.045059,0.04972,0.167713,105.127009,0.005334,0.481164,virus
0.755089,70,217,NW,2,70.209376,0.895913,0.20825,0.445585,0.023139,0.261046,1.768389,41.132075,0.009732,0.385427,benign
0.677326,83,15,NW,7,71.2335,0.916941,0.213437,0.747518,0.053359,0.712247,0.806227,67.872422,0.007668,0.404248,benign
0.940189,95,191,NW,9,75.329995,0.970296,0.239958,0.232523,0.03428,0.15783,1.81916,51.131847,0.002654,0.598571,benign
0.591376,82,129,NW,7,168.525262,0.960375,0.506884,0.175471,0.072412,0.093998,0.475851,90.276826,0.003322,0.279194,virus
0.897632,59,41,W,5,169.549385,0.963409,0.508003,0.495278,0.169334,0.441258,0.688462,151.056435,0.003062,0.403005,virus
0.006951,92,77,NW,2,79.426491,0.97202,0.238758,0.460856,0.079586,0.682991,0.621342,117.710337,0.002486,0.628528,benign
0.584501,63,98,NW,5,172.621757,0.976414,0.516169,1.266236,0.172056,0.757201,1.782908,103.226728,0.001958,0.134041,virus
0.711816,74,124,NW,9,174.670005,0.9329,0.495688,0.378808,0.045063,0.096994,1.32551,44.724388,0.005691,0.178592,virus
0.425523,84,75,W,1,175.694128,0.976935,0.513188,0.097438,0.042766,0.04694,4.673284,84.638949,0.001911,0.461591,virus
0.751639,80,101,NW,3,84.54711,0.945633,0.240649,0.224761,0.120324,0.331392,0.459093,124.658222,0.00487,0.276841,benign
0.691747,86,66,NW,9,178.7665,0.987774,0.519274,0.532639,0.173091,0.386577,1.86104,129.744454,0.001006,0.516599,virus
0.592692,76,212,W,1,179.790624,0.962615,0.50676,1.055572,0.072394,0.930262,1.094955,158.447098,0.003115,0.193452,virus
0.750747,69,43,NW,1,88.643605,0.981282,0.254643,0.510276,0.127322,0.959332,0.684402,166.652435,0.001639,0.069775,benign
0.236386,88,212,NW,4,182.862995,0.948034,0.498226,0.060111,0.041519,0.048037,0.567442,146.133837,0.004356,0.661134,virus
0.55059,95,7,NW,5,92.7401,0.957855,0.253749,1.499698,0.023068,0.435155,2.847896,26.909654,0.003721,0.111971,benign
0.041794,65,153,NW,6,93.764224,0.917419,0.247578,0.22832,0.123789,0.400611,0.237263,164.519303,0.007441,0.100552,benign
0.020014,81,28,W,8,187.983614,0.996099,0.525624,0.424767,0.087604,0.095536,0.520524,42.280158,0.000318,0.006633,virus
0.929438,89,174,NW,6,189.007738,0.959459,0.512595,0.063891,0.042716,0.044563,0.198179,131.828496,0.003369,0.617043,virus
0.630414,85,217,W,7,190.031862,0.960889,0.503309,0.179042,0.062914,0.149931,0.187375,159.134198,0.003247,0.699439,virus
0.850452,77,242,NW,9,98.884843,0.973563,0.266509,0.340246,0.029612,0.127111,0.455502,36.941856,0.002303,0.490136,benign
0.429904,87,147,NW,8,99.908967,0.961964,0.263178,0.186845,0.026318,0.059373,0.268113,31.747754,0.00333,0.675194,benign
0.774696,86,170,NW,8,193.104233,0.958798,0.501714,2.086623,0.100343,0.463215,3.254377,42.867669,0.003419,0.674236,virus
0.017199,78,99,NW,2,102.981338,0.980486,0.275523,0.674248,0.137761,0.706542,1.220102,107.91377,0.001688,0.251065,benign
0.379431,64,24,W,6,198.224852,0.950187,0.498437,0.523444,0.124609,0.253062,0.664726,95.833127,0.004144,0.717263,virus
0.391384,59,109,NW,8,107.077833,0.96395,0.271018,2.116013,0.090339,0.149784,4.876978,7.579595,0.003134,0.631943,benign
0.959405,65,26,NW,6,108.101957,0.986191,0.281523,0.143517,0.093841,0.122678,0.148196,92.405319,0.001186,0.539006,benign
0.291037,81,72,NW,3,201.297224,0.987931,0.519451,1.477324,0.047223,0.186717,2.253745,25.441657,0.000983,0.556085,virus
0.199491,80,133,W,9,202.321347,0.948995,0.498143,0.398627,0.083024,0.13184,0.500052,66.914682,0.004238,0.426569,virus
0.319464,82,214,NW,1,114.2467,0.965833,0.280949,1.157988,0.140475,0.333683,2.120992,32.921019,0.002951,0.0252,benign
0.196618,62,212,NW,7,207.441966,0.968987,0.508908,0.383426,0.063613,0.234548,0.597203,126.895614,0.002545,0.561486,virus
0.024429,90,179,W,4,208.46609,0.972203,0.512705,0.285242,0.051271,0.168551,0.483575,123.184197,0.002277,0.174438,virus
0.064861,92,42,NW,7,118.343195,0.992292,0.294508,0.09643,0.042073,0.079475,0.119849,97.535115,0.000655,0.150806,benign
0.568367,91,92,NE,2,3.893354,0.536191,0.2166,0.113812,0.041308,0.095801,3.520583,2.061041,0.096224,0.005472,benign
0.271596,76,101,E,9,3.09567,0.616308,0.207889,0.035438,0.043656,0.439869,1.441693,61.100674,0.07923,0.006452,benign
0.562298,69,106,NE,9,4.52039,0.503048,0.557946,0.033504,0.09228,0.390431,0.215092,12.655396,0.086182,0.003966,benign
0.384403,72,69,NE,8,2.311509,0.354917,0.207331,0.112707,0.044969,0.101524,1.949703,1.61717,0.096267,0.006315,benign
0.895763,89,77,S,5,4.551661,0.699367,0.235831,0.050577,0.070065,0.752706,0.085234,59.200902,0.102482,0.00836,benign
0.899969,79,24,S,3,4.737921,0.418073,0.287131,0.022305,0.067703,0.332845,0.089785,58.625583,0.061264,0.014658,benign
0.935121,91,71,S,6,4.551661,0.548219,0.137008,0.020201,0.0762,0.390554,0.084113,58.520778,0.164405,0.009185,benign
0.922345,90,58,SE,7,5.357199,0.660574,0.303377,0.051029,0.059095,0.712921,0.066425,63.941072,0.123898,0.007137,benign
0.483311,89,175,NW,9,5.92847,0.652726,0.354854,0.176342,0.218392,0.294396,0.152613,14.352514,0.052099,0.01065,benign
0.730685,78,126,N,2,2.398046,0.085954,0.013004,0.011812,0.047943,0.166106,0.090445,69.619408,0.330453,0.012909,benign
0.797356,66,194,SE,6,7.548768,0.415054,0.843358,0.053203,0.242795,0.923192,0.057315,71.628051,0.084713,0.008292,benign
0.028296,74,9,E,7,3.442141,0.420867,0.273588,0.047791,0.106149,0.306108,0.086333,23.880978,0.131238,0.016846,benign
0.276766,89,63,S,5,1.137915,0.451709,0.03283,0.009576,0.052139,0.434367,0.004014,58.523805,0.245006,0.019348,benign
0.499872,63,23,E,9,2.275831,0.620389,0.429444,0.114412,0.276675,0.474162,0.107528,5.168518,0.035356,0.00208,benign
0.384191,66,156,NE,6,5.005731,0.176621,0.169632,0.030718,0.151119,0.267295,0.022584,30.99519,0.375317,0.002572,benign
0.69746,60,109,E,7,3.413746,0.17758,0.19828,0.040689,0.063018,0.334184,0.138644,34.349038,0.208955,0.010942,benign
0.9385,89,65,NE,8,2.335367,0.444466,0.388029,0.040852,0.055731,0.27482,0.016853,44.514884,0.125876,0.007114,benign
0.73946,68,232,E,8,3.413746,0.662171,0.655674,0.043867,0.266791,0.737649,0.173639,43.700605,0.045771,0.005809,benign
0.867476,77,23,SE,6,6.915378,0.470421,0.462093,0.043321,0.086229,0.549653,0.045672,86.237385,0.121775,0.011539,benign
0.834543,85,146,NW,7,1.422521,0.385247,0.64276,0.025871,0.012233,0.661153,0.08182,29.710175,0.228153,0.013708,benign
0.20488,80,231,E,3,4.605765,0.211648,0.374439,0.039811,0.079759,0.054189,0.006145,47.846606,0.19043,0.021059,benign
0.497693,60,91,E,7,3.413746,0.20777,0.242317,0.00424,0.027792,0.039359,0.075579,36.063541,0.211544,0.003548,benign
0.498055,62,132,SW,5,4.551661,0.188315,0.334358,0.048494,0.118717,0.378775,0.053767,63.985539,0.17985,0.005113,benign
0.350676,75,150,S,1,5.659829,0.831926,0.443706,0.018679,0.081729,0.195362,0.096168,47.393049,0.201483,0.012085,benign
0.859886,80,156,S,1,2.727397,0.284482,0.073211,0.016895,0.069485,0.34345,0.061004,57.75103,0.181392,0.007141,benign
0.364495,79,246,S,9,3.972846,0.178095,0.29161,0.014088,0.066784,0.258675,0.014735,58.853514,0.207804,0.00613,benign
0.553195,78,48,SE,7,4.454316,0.281499,0.358666,0.060006,0.050576,0.661607,0.078148,59.537624,0.095231,0.018098,benign
0.013675,85,235,E,5,2.867205,0.233771,0.227647,0.022047,0.027495,0.349487,0.026691,34.50227,0.184788,0.012172,benign
0.797788,67,217,E,8,2.157158,0.06932,0.541995,0.052625,0.058652,0.511848,0.16445,19.166839,0.380607,0.002837,benign
0.35556,81,37,NE,3,4.551661,0.630726,0.307387,0.103341,0.191363,0.198199,0.038418,20.603309,0.05169,0.011872,benign
0.28085,82,149,E,4,2.972644,0.183962,0.284207,0.030389,0.097403,0.382991,0.074807,33.396601,0.211502,0.018911,benign
0.93913,66,148,SW,7,3.413746,0.283915,0.493674,0.030884,0.143323,0.356412,0.160554,37.886197,0.19548,0.011901,benign
0.162752,61,237,SE,9,1.137915,0.618448,0.121838,0.011294,0.046452,0.645425,0.044957,62.070952,0.085176,0.019005,benign
0.161444,82,176,S,2,3.22556,0.178234,0.139685,0.008515,0.006536,0.095781,0.013364,52.83173,0.209026,0.007159,benign
0.602854,65,117,E,1,3.413746,0.174713,0.275428,0.005126,0.018451,0.034393,0.062356,35.320494,0.229654,0.003551,benign
0.279523,85,44,NE,7,3.3626,0.098094,0.19542,0.029208,0.04273,0.180681,1.591229,25.557256,0.257768,0.002112,benign
0.847187,93,89,NE,1,2.498942,0.305549,0.838904,0.068333,0.22216,0.492347,0.201244,31.300533,0.275994,0.001982,benign
0.902937,78,137,NE,1,3.475043,0.400521,0.284738,0.058253,0.037075,0.228274,0.08849,34.749122,0.126875,0.011392,benign
0.231089,60,63,S,2,3.924466,0.586811,0.460397,0.051131,0.215163,0.310352,0.068546,26.89689,0.237928,0.004681,benign
0.198704,73,90,S,6,1.137915,0.250972,0.028564,0.002265,0.011778,0.022525,0.003053,51.565824,0.201044,0.016918,benign
0.801772,96,38,E,1,2.86831,0.052753,0.646344,0.04622,0.061961,0.416674,0.193872,14.212564,0.413748,0.003323,benign
0.503444,64,41,E,2,1.137915,0.173306,0.725372,0.038596,0.084438,0.249653,0.146409,13.184911,0.369174,0.004487,benign
0.367328,75,63,E,6,2.945127,0.301877,0.638086,0.125436,0.099835,0.457435,0.163733,11.065173,0.193979,0.003415,benign
0.243326,66,217,NE,8,3.998968,0.401189,0.702483,0.028615,0.0757,0.125011,0.108546,38.869188,0.505192,0.002415,benign
0.443071,86,36,NW,7,6.233499,0.387443,0.39776,0.057741,0.076922,0.358342,0.115397,15.720605,0.111154,0.006342,benign
0.834953,63,99,S,6,5.163095,0.610516,0.735451,0.038942,0.065761,0.375284,0.078468,31.218032,0.135872,0.009799,benign
0.626317,95,4,S,2,3.837595,0.251927,0.417685,0.029612,0.050808,0.307428,0.03931,34.391339,0.142009,0.020615,benign
0.136376,77,227,S,5,4.751164,0.303962,0.419074,0.115158,0.194075,0.568448,0.526878,27.003063,0.158504,0.013751,benign
0.45502,63,127,N,2,7.092697,0.534817,0.337428,0.154106,0.06109,0.137001,4.60587,23.039836,0.068999,0.012729,benign
0.168577,82,149,S,1,4.751427,0.286818,0.397528,0.03866,0.122554,0.343401,0.070173,26.947636,0.108584,0.010388,benign
0.378476,67,96,NE,6,3.888239,0.396636,1.062706,1.414586,0.087253,0.915792,3.674081,1.192461,0.052301,0.006173,benign
0.714661,61,137,S,4,4.826488,0.33594,0.456761,0.028316,0.078595,0.282822,0.041778,59.079384,0.057032,0.00533,benign
0.75591,80,30,S,5,4.283483,0.802904,0.719335,0.041033,0.081444,0.400676,0.086295,51.861779,0.038293,0.005481,benign
0.507141,67,1,E,3,3.252096,0.275649,0.959708,0.072629,0.080202,0.650819,0.420762,12.663736,0.414922,0.005214,benign
0.511548,88,151,NW,9,5.339675,0.10649,0.458879,0.02905,0.031208,0.427096,0.132501,29.69571,0.24938,0.012372,benign
0.409437,66,232,NW,7,5.454412,0.387482,0.361347,0.032743,0.045086,0.301863,0.036224,19.757934,0.109344,0.014318,benign
0.572609,68,5,NW,2,2.459271,0.499563,0.704024,0.129212,0.242947,0.686393,0.309523,15.425199,0.089661,0.045505,benign
0.388711,72,151,NW,8,2.275831,0.413892,0.125024,0.09398,0.111451,0.81573,0.089102,15.222023,0.097185,0.017164,benign
0.698277,95,98,NW,2,3.413746,0.264001,0.043499,0.003594,0.007163,0.047298,0.018453,38.76271,0.131223,0.05158,benign
0.18418,71,181,NW,8,3.413746,0.788307,0.081782,0.017747,0.076066,0.251669,0.035814,48.278459,0.079764,0.052962,benign
0.777021,61,195,NW,1,3.413746,0.354138,0.070625,0.010043,0.007938,0.023277,0.019357,53.676417,0.115253,0.060418,benign
0.499073,81,199,NW,1,3.413746,0.234547,0.061188,0.026272,0.007967,0.20451,0.03104,33.30748,0.144854,0.055635,benign
0.387777,96,148,NW,7,3.413746,0.608343,0.042308,0.023604,0.008652,0.222836,0.032144,33.321738,0.08198,0.060788,benign
0.263262,71,11,NW,6,3.413746,0.355213,0.033122,0.024986,0.010088,0.296782,0.033704,44.162497,0.108507,0.061069,benign
0.300534,68,177,NW,1,4.374262,0.494367,0.051042,0.002142,0.006002,0.027831,0.008834,40.160752,0.092113,0.08101,benign
0.587756,75,118,NW,2,2.299951,0.748381,0.116124,0.046822,0.012254,0.032022,0.040003,33.294226,0.118359,0.067284,benign
0.169424,65,156,NW,9,2.911773,0.115497,0.1862,0.085842,0.01018,0.143297,0.404693,30.76176,0.177423,0.041613,benign
0.426111,85,200,NW,8,1.137915,0.101728,0.141835,0.061261,0.01476,0.356275,0.340344,22.316831,0.393138,0.01884,benign
0.726745,81,249,NW,8,2.96569,0.473361,0.031461,0.014747,0.008584,0.209484,0.051065,61.20492,0.359605,0.03141,benign
0.685353,79,146,NW,3,2.32145,0.233817,0.026207,0.007191,0.004377,0.045274,0.057599,75.032439,0.408171,0.084652,benign
0.816621,61,179,NW,4,4.551661,0.555366,0.10267,0.010464,0.0095,0.067982,0.184305,23.050192,0.080462,0.12533,benign
0.545907,70,15,NW,5,2.342671,0.461668,0.035325,0.003154,0.001808,0.076248,0.063596,68.85199,0.461815,0.087146,benign
0.915741,78,14,NW,4,6.536715,0.682275,0.371323,0.028736,0.048406,0.346077,0.496362,77.069435,0.02842,0.094961,benign
0.794394,80,144,NW,9,5.689577,0.441329,0.02979,0.006661,0.002897,0.038035,0.003439,33.168032,0.118756,0.122871,benign
0.774883,63,43,NW,7,4.727085,0.435202,0.017083,0.007797,0.001937,0.042236,0.024635,58.973123,0.179831,0.185344,benign
0.09318,84,28,NW,2,3.271113,0.073828,0.015746,0.000928,0.001787,0.128447,0.007766,40.665524,0.415025,0.172798,benign
0.245719,85,225,NW,5,3.592034,0.282627,0.54938,0.026268,0.081969,0.170828,0.029919,60.666065,0.196045,0.073806,benign
0.058391,81,15,NW,1,1.205064,0.111804,0.017362,0.001072,0.001675,0.318263,0.010739,41.058516,0.366197,0.190867,benign
0.271571,78,169,NW,5,1.204143,0.069297,0.030873,0.022547,0.019223,0.328839,0.032002,63.86402,0.244275,0.05044,benign
0.083287,72,123,NW,4,3.785639,0.593229,0.125526,0.111836,0.018914,0.681853,0.980608,24.251837,0.019939,0.179001,benign
0.383119,79,73,NW,2,1.787964,0.129734,0.100842,0.01062,0.018237,0.011371,0.030179,28.911053,0.330689,0.067471,benign
0.522324,79,241,NW,9,4.436347,0.480026,0.035102,0.047831,0.003466,0.621499,0.002335,65.032914,0.393173,0.176533,benign
0.551145,66,48,NW,5,3.488974,0.21459,0.035296,0.040082,0.012419,0.034088,0.194478,11.906162,0.176022,0.080629,benign
0.157529,70,23,NW,6,5.689577,0.356271,0.020109,0.03155,0.006877,0.055153,0.068997,29.971717,0.113388,0.179594,benign
0.270897,70,214,NW,7,5.406369,0.505311,0.023015,0.094487,0.005715,0.063396,0.064282,26.813812,0.101151,0.157037,benign
0.330442,69,220,NW,9,2.967222,0.084163,0.003259,0.010478,0.001504,0.031446,0.231358,18.647667,0.439493,0.127463,benign
0.215453,88,186,NW,5,3.747993,0.249294,0.020279,0.00794,0.003994,0.045405,0.069827,25.376497,0.209008,0.200608,benign
0.329053,79,125,NW,2,3.960288,0.283538,0.015876,0.00952,0.001416,0.023783,0.257909,17.828016,0.34316,0.125661,benign
0.476989,68,208,NW,6,3.888072,0.260982,0.118987,0.027545,0.097856,0.116262,0.031918,15.781633,0.133886,0.057263,benign
0.440703,67,171,NW,7,3.539463,0.845934,0.028214,0.013531,0.003038,0.287033,0.091307,58.326229,0.021766,0.168275,benign
0.727113,72,67,NW,6,3.413746,0.545504,0.045802,0.025639,0.007249,0.090524,0.044239,40.518974,0.187536,0.113993,benign
0.560213,59,157,NW,4,10.30456,0.583591,0.037469,0.027391,0.003332,0.04567,0.049173,54.136741,0.032757,0.054149,benign
0.307014,92,134,NW,6,3.828622,0.775246,0.030738,0.035849,0.004621,0.342127,0.096831,41.643243,0.003846,0.168075,benign
0.4622,66,143,NW,8,12.115445,0.72178,0.042004,0.011617,0.01823,0.776252,0.162829,90.23348,0.034875,0.136665,benign
0.813884,88,231,NW,1,15.290492,0.73578,0.079099,0.073068,0.005202,0.144599,0.158713,17.682862,0.037461,0.098949,benign
0.822597,81,95,NW,5,15.603323,0.760351,0.051942,0.060787,0.011424,0.144751,0.153001,17.732123,0.036878,0.094262,benign
0.950295,92,53,NW,6,24.934793,0.950482,0.11416,0.027159,0.032358,0.139344,0.107725,88.648713,0.002109,0.310803,benign
0.865565,77,142,NW,7,19.970418,0.826145,0.085281,0.491801,0.01222,0.571576,5.624627,8.717459,0.020853,0.149149,benign
0.276302,80,115,NW,2,26.236699,0.743881,0.093317,0.02555,0.016961,0.422975,0.083435,121.758343,0.019506,0.369004,benign
0.560073,69,50,NW,6,21.192281,0.735608,0.082868,1.500275,0.018664,0.492177,3.717541,16.630227,0.030239,0.194558,benign
0.693038,61,37,NW,9,27.486692,0.827175,0.109303,0.244472,0.014501,0.127607,0.113815,53.195794,0.026743,0.16175,benign
0.97496,66,91,NW,2,28.274071,0.769121,0.118887,0.01726,0.020941,0.063772,0.045035,120.44598,0.015698,0.299608,benign
0.165452,77,45,NW,2,27.26767,0.789275,0.121734,0.972511,0.020329,0.456515,0.687042,16.760438,0.023596,0.271446,benign
0.110777,91,219,NW,3,33.772992,0.816733,0.144358,0.507775,0.036133,0.489231,1.597625,27.34103,0.019195,0.105731,benign
0.945608,71,80,NW,4,28.786672,0.883201,0.125701,0.290492,0.119028,0.238931,0.206578,39.61119,0.011952,0.31604,benign
0.428593,68,159,NW,9,38.557359,0.844008,0.141751,0.666322,0.032386,0.681269,1.690645,23.863976,0.009315,0.307389,benign
0.872751,76,165,NW,1,49.53287,0.958118,0.186349,0.109319,0.118821,0.079392,0.21942,138.805419,0.007904,0.442776,benign
0.383122,95,32,NW,8,44.799492,0.933136,0.160488,0.296235,0.023752,0.543139,0.382336,83.456157,0.006778,0.315452,benign
0.675375,71,12,NW,2,46.659007,0.866792,0.173671,0.347388,0.136113,0.816397,2.413747,124.296285,0.017026,0.358595,benign
0.582226,86,11,NW,1,55.457771,0.822178,0.166523,0.203408,0.067755,0.387186,0.356156,106.018464,0.019398,0.518566,benign
0.880449,61,120,NW,4,50.745933,0.962398,0.17991,0.294551,0.148121,0.185501,0.279743,140.336619,0.005418,0.215863,benign
0.581277,81,65,NW,3,53.191971,0.808554,0.158819,0.166531,0.063011,0.39865,0.287408,100.824453,0.019435,0.510366,benign
0.262355,67,127,NW,6,56.078978,0.986415,0.19932,0.290687,0.033021,0.184474,0.28001,128.785359,0.00506,0.334957,benign
0.741762,88,101,NW,2,60.771853,0.922303,0.19886,0.467929,0.026018,0.186571,2.420862,14.769322,0.007004,0.397521,benign
0.745483,63,19,NW,5,65.52641,0.939917,0.2163,0.781176,0.048918,0.322347,2.588048,32.483829,0.009127,0.478,benign
0.693295,65,248,NW,4,69.905952,0.883059,0.192152,0.334472,0.019714,0.066724,0.535698,52.243489,0.010146,0.387474,benign
0.934944,88,74,NW,1,57.45157,0.937064,0.190867,0.268483,0.13622,0.467284,0.670216,143.729298,0.005259,0.437286,benign
0.813878,90,110,NW,9,74.000069,0.956054,0.238416,0.423527,0.026007,0.201585,1.784384,41.487863,0.003413,0.492795,benign
0.746365,62,209,NW,4,70.573978,0.91309,0.213435,0.618444,0.041296,0.575982,1.211681,45.709473,0.008507,0.389933,benign
0.791089,76,112,NW,4,73.202653,0.938138,0.215748,1.966115,0.105635,0.599473,2.392087,24.353731,0.004419,0.107917,benign
0.763609,72,110,NW,5,72.811178,0.920484,0.217038,0.147118,0.019373,0.14717,0.833051,56.919694,0.009541,0.415723,benign
0.419091,73,171,NW,8,75.902769,0.961913,0.226634,0.559843,0.075769,0.692531,0.747194,82.720379,0.006824,0.559973,benign
0.660074,78,142,NW,8,87.141931,0.925688,0.247281,0.309994,0.124521,0.481699,2.176032,164.425098,0.009217,0.212895,benign
0.499318,69,213,NW,9,94.746556,0.957909,0.260375,0.391498,0.024405,0.189613,2.551816,27.171405,0.003467,0.365153,benign
0.382506,60,89,NW,4,92.803054,0.957867,0.254088,0.255385,0.12677,0.696452,0.533458,166.18207,0.006199,0.088368,benign
0.700467,60,160,NW,6,98.955586,0.972025,0.265258,0.246339,0.028607,0.105426,0.316311,36.11412,0.002842,0.532801,benign
0.714281,95,74,NW,6,100.120746,0.966587,0.270054,1.732167,0.026563,0.404479,2.332865,35.831669,0.002924,0.59961,benign
0.545594,71,61,NW,5,102.288023,0.979011,0.272958,0.435938,0.111199,0.39655,0.823367,83.278195,0.002025,0.331549,benign
0.945839,72,21,NW,6,106.999971,0.968813,0.275368,0.519974,0.041338,0.489846,0.976519,82.331361,0.001553,0.523707,benign
0.351937,66,37,NW,6,104.279376,0.984551,0.276773,0.190463,0.108682,0.624764,0.982321,92.935175,0.001334,0.314224,benign
0.761056,69,227,NW,7,113.626505,0.922885,0.274092,2.082277,0.109908,0.218089,5.840226,18.29452,0.004792,0.751206,benign
0.555844,85,202,NW,1,115.919165,0.956078,0.2787,1.746011,0.138656,0.389505,2.514069,25.551145,0.00398,0.487186,benign
0.094338,69,40,NW,8,117.623855,0.973738,0.275704,0.097976,0.046322,0.308649,1.166854,57.680054,0.005965,0.52719,benign
0.041955,62,162,NW,3,117.393368,0.986796,0.285504,0.303492,0.104687,0.186897,1.21793,101.863032,0.001266,0.201803,benign
0.468169,91,89,E,9,3.413746,0.427918,0.446706,0.036221,0.06182,0.2797,0.040121,24.526661,0.091175,0.01097,virus
0.506842,77,84,E,8,3.874957,0.688887,0.534996,0.016488,0.106304,0.287455,0.163777,32.116975,0.124868,0.013101,virus
0.457812,62,28,E,9,5.689577,0.260883,0.460172,0.043345,0.055107,0.621202,0.124893,94.880207,0.120956,0.008596,virus
0.269978,89,151,E,3,9.040078,0.448289,0.202747,0.009163,0.075226,0.179477,0.163673,73.814742,0.095214,0.015952,virus
0.340476,86,214,E,4,3.081368,0.109193,0.11206,0.043768,0.01853,0.443697,0.189334,36.951757,0.291673,0.007206,virus
0.39851,81,76,E,5,3.413746,0.394923,0.447429,0.040942,0.04953,0.173651,0.065162,24.079676,0.10703,0.008424,virus
0.738618,63,109,E,2,5.269533,0.305997,0.460844,0.046565,0.029745,0.614493,0.097686,71.578794,0.159895,0.006911,virus
0.354042,78,156,SW,5,6.827492,0.875818,0.682087,1.175326,0.196472,0.764259,5.12703,3.168122,0.007717,0.010573,virus
0.641856,60,123,E,7,7.504562,0.551445,0.904882,0.187016,0.225858,0.774619,0.965187,27.223779,0.064873,0.013172,virus
0.545063,78,6,E,9,2.059501,0.039581,0.103852,0.016892,0.080676,0.175946,0.145317,6.958892,0.356475,0.003985,virus
0.385806,91,215,E,7,5.796743,0.822828,0.967389,0.26569,0.152919,0.687405,0.601945,30.19383,0.012168,0.019163,virus
0.331592,62,51,SW,4,2.709366,0.455209,0.665618,0.246948,0.253267,0.248588,0.819149,27.598452,0.382749,0.019128,virus
0.261158,88,76,W,7,1.209067,0.126647,0.120714,0.001972,0.037192,0.09056,0.143748,41.448155,0.236272,0.01388,virus
0.419959,75,227,E,4,2.546784,0.407608,0.429607,0.208477,0.118669,0.284955,0.22108,8.598906,0.22466,0.004164,virus
0.480506,75,71,E,3,4.575608,0.344718,0.402775,0.020286,0.048611,0.074797,0.018814,11.394195,0.487192,0.002878,virus
0.706244,67,100,NW,8,20.270246,0.936559,0.409223,0.043655,0.042948,0.17661,0.566879,43.938465,0.018952,0.031354,virus
0.243301,92,113,W,1,1.283678,0.070257,0.568864,0.029606,0.110046,0.395257,0.696999,42.642037,0.028288,0.016908,virus
0.759248,92,99,SW,5,4.46433,0.092546,0.396901,0.222122,0.108995,0.242805,0.264329,3.952583,0.187779,0.004196,virus
0.395281,79,238,NE,8,6.827492,0.851469,0.678339,1.241576,0.107232,0.406081,4.884896,3.390386,0.011697,0.010655,virus
0.357252,82,68,W,9,2.929044,0.094594,0.254317,0.064094,0.100348,0.977314,2.902866,27.668038,0.08455,0.017897,virus
0.822995,94,144,NE,6,1.137915,0.040386,0.05256,0.003204,0.010842,0.009448,0.002601,22.55789,0.447849,0.013382,virus
0.552529,85,50,W,2,3.3632,0.361578,0.817311,0.077995,0.216141,0.826698,5.343189,29.218725,0.462378,0.01013,virus
0.328466,74,103,SW,9,1.736916,0.423992,0.155038,0.004804,0.033611,0.082098,0.025619,57.7148,0.104126,0.008295,virus
0.327277,94,179,W,8,2.529678,0.427588,0.163701,0.003813,0.038145,0.069174,0.028587,44.928744,0.105792,0.007201,virus
0.803636,91,246,SW,9,6.259726,0.146791,0.388303,0.465712,0.112836,0.766093,3.383963,4.388943,0.181855,0.007324,virus
0.540023,69,69,W,1,6.440389,0.639194,0.308287,0.036942,0.025724,0.255985,0.047321,33.155296,0.074161,0.000779,virus
0.384293,91,43,E,3,6.983523,0.739047,0.714341,0.259137,0.178123,0.720848,5.175962,32.366511,0.011376,0.016788,virus
0.242063,64,76,N,2,5.809048,0.448211,0.224344,0.078539,0.039162,0.440527,0.166239,53.660339,0.116134,0.018229,virus
0.549592,61,59,W,1,17.469928,0.833226,0.700134,0.382689,0.193933,0.494027,0.498046,30.933461,0.018844,0.022882,virus
0.945935,89,130,NW,4,23.18981,0.959955,0.666288,0.169803,0.086383,0.252461,0.220327,28.916302,0.004011,0.030695,virus
0.466483,70,135,NW,5,21.288351,0.867296,0.651283,0.073544,0.053981,0.180961,0.376752,43.808978,0.029628,0.032379,virus
0.943286,87,236,NW,8,24.643306,0.960043,0.628462,0.172242,0.090449,0.146779,0.223342,26.491384,0.004064,0.032008,virus
0.548879,93,136,W,2,34.842412,0.819792,0.486799,0.188062,0.057859,0.180622,1.968018,54.789532,0.019709,0.031378,virus
0.240114,85,188,NW,4,26.836598,0.967789,0.57086,1.534609,0.164243,0.278789,2.33883,32.227752,0.00361,0.042218,virus
0.281144,76,49,W,9,32.957361,0.803695,0.495789,0.095708,0.049291,0.22268,0.11291,49.687857,0.019242,0.049038,virus
0.651236,89,171,W,7,36.378544,0.818493,0.539752,0.25995,0.059375,0.288056,6.315656,44.910995,0.022269,0.074273,virus
0.75284,84,212,W,6,35.780549,0.8448,0.468984,0.178717,0.050916,0.174264,1.421739,23.536598,0.01649,0.074718,virus
0.208655,85,93,NW,8,35.811691,0.825198,0.489972,0.146026,0.048804,0.211768,3.072673,61.792089,0.0165,0.111458,virus
0.098337,63,209,W,9,45.47295,0.874644,0.622047,0.229693,0.054746,0.407335,0.29142,82.698031,0.005988,0.124579,virus
0.075037,74,119,W,7,43.91235,0.852391,0.679187,0.229292,0.058531,0.427827,0.304728,82.629296,0.015149,0.149888,virus
0.279886,70,45,W,6,48.151231,0.989635,0.757833,0.973346,0.077352,0.592263,6.040983,64.099106,0.00045,0.096173,virus
0.243251,92,140,W,6,47.356749,0.860926,0.484077,0.228599,0.042158,0.163763,5.111993,28.2569,0.013167,0.135171,virus
0.719386,67,245,W,6,56.174538,0.928803,0.523255,0.200396,0.107011,0.482417,1.326754,47.874192,0.008549,0.09814,virus
0.775728,88,27,W,3,58.076534,0.924193,0.485303,0.829436,0.128475,0.636918,1.468002,39.085297,0.007957,0.066801,virus
0.667631,76,132,W,7,59.945542,0.891648,0.56384,0.470398,0.104239,0.292621,0.323624,71.462144,0.01191,0.2145,virus
0.601405,72,159,W,7,58.709079,0.860032,0.46866,0.118732,0.1566,0.134355,1.011385,68.434147,0.01363,0.202973,virus
0.313593,88,16,W,6,57.952453,0.856451,0.45688,0.520256,0.16542,0.331351,1.851493,36.231158,0.013899,0.134305,virus
0.392841,89,31,W,4,65.938886,0.903664,0.500431,0.906328,0.071559,0.510151,1.430647,62.044979,0.006662,0.146096,virus
0.902013,88,144,NW,5,70.628625,0.876343,0.563337,0.183573,0.082607,0.163315,0.40132,71.281223,0.01061,0.092751,virus
0.286359,61,230,W,6,66.153939,0.914378,0.501163,0.945245,0.058159,0.423798,3.457545,46.799112,0.008258,0.14322,virus
0.41993,80,117,W,5,72.405405,0.899028,0.77625,0.347384,0.249458,0.231644,0.643606,67.920773,0.008679,0.161145,virus
0.419992,92,31,W,6,74.183719,0.976002,0.581028,0.401377,0.218177,0.385166,0.554579,55.000033,0.001401,0.258216,virus
0.346269,78,149,W,1,75.751578,0.972047,0.710965,0.33406,0.12312,0.809187,1.026154,56.56664,0.00958,0.190084,virus
0.184318,75,77,W,7,75.722545,0.991109,0.606035,0.320295,0.387359,0.224362,0.482181,49.580797,0.000947,0.242202,virus
0.849575,93,198,W,6,78.198755,0.907024,0.747788,1.021539,0.077902,0.579699,2.328675,54.884136,0.001926,0.203714,virus
0.835299,66,28,NW,8,80.942414,0.96353,0.491839,0.986782,0.050595,0.104702,7.57522,9.243462,0.003682,0.192908,virus
0.196517,85,154,NW,3,78.659107,0.910821,0.958835,1.73561,0.211302,0.82969,3.628218,40.978485,0.009834,0.217404,virus
0.512276,68,146,W,5,82.893723,0.913703,0.536654,1.425611,0.09255,0.394217,3.856277,89.559265,0.009475,0.198778,virus
0.899763,66,103,NW,4,88.583171,0.936871,0.526415,1.169664,0.066741,0.164001,8.370167,11.272938,0.004895,0.095625,virus
0.422603,81,176,NW,4,89.082685,0.959702,0.708967,1.881097,0.096866,0.135786,0.906214,45.355821,0.003477,0.232019,virus
0.161384,88,67,NW,1,90.790643,0.935234,0.615529,1.697735,0.09119,0.508373,1.106349,59.689102,0.006495,0.130871,virus
0.23042,74,43,W,5,102.476142,0.896735,0.488522,0.153264,0.093449,0.192372,0.390853,86.286314,0.008792,0.072857,virus
0.772574,82,125,W,2,104.260414,0.987231,0.531024,0.189778,0.156854,0.129565,0.802271,103.655535,0.000868,0.329552,virus
0.608481,85,235,W,5,102.830927,0.905961,0.895414,0.215821,0.109155,0.214089,0.540714,96.742332,0.008469,0.077602,virus
0.432575,95,221,NW,5,101.287915,0.950444,0.504713,0.827759,0.164457,0.466387,3.661475,52.339792,0.004176,0.198471,virus
0.631882,69,168,W,7,102.213771,0.936121,0.489861,0.229017,0.131382,0.220045,0.732294,109.974869,0.006824,0.204664,virus
0.148648,59,201,W,4,106.92177,0.95329,0.703925,1.73416,0.142516,0.800194,5.998739,41.187768,0.004075,0.203643,virus
0.408016,61,230,W,5,107.214073,0.974907,0.698754,0.622913,0.063897,0.098832,5.170795,81.761481,0.001102,0.314601,virus
0.742587,61,158,W,3,108.494997,0.996591,0.528926,0.186243,0.082257,0.348312,0.64988,103.389882,0.000339,0.330788,virus
0.644281,65,139,W,6,114.403992,0.933607,0.515927,0.120356,0.080487,0.623048,1.617875,113.878114,0.00627,0.239914,virus
0.806149,86,219,W,4,115.825639,0.925438,0.495199,0.17632,0.067585,0.453928,5.340521,125.727728,0.006529,0.174215,virus
0.602745,83,205,W,3,121.125488,0.947388,0.500087,1.563744,0.31322,0.3385,3.293033,82.601693,0.004816,0.320085,virus
0.417715,88,104,W,9,120.590294,0.944922,0.500331,0.571322,0.253423,0.852948,2.681654,91.414404,0.004452,0.311536,virus
0.303317,71,8,W,3,131.620958,0.958666,0.495068,0.905478,0.195658,0.927788,1.801109,76.540159,0.005109,0.139538,virus
0.226073,67,48,W,5,132.19553,0.924615,0.487003,0.398104,0.226537,0.802051,1.63018,63.868021,0.0066,0.111766,virus
0.52535,75,93,W,8,130.674442,0.940588,0.499445,1.379915,0.084496,0.772807,1.818276,60.55883,0.002953,0.273927,virus
0.194351,84,170,NW,1,141.096164,0.95474,0.511046,0.366094,0.044949,0.311257,1.820007,123.646728,0.00401,0.418917,virus
0.644068,65,83,W,7,140.869441,0.951643,0.495174,1.80085,0.099695,0.594021,2.113943,44.973163,0.002907,0.325318,virus
0.176928,83,21,NW,1,137.260275,0.944558,0.496419,1.391687,0.066571,0.611677,2.142917,83.823174,0.002676,0.091152,virus
0.462794,92,126,NW,3,147.780986,0.942511,0.508914,0.482128,0.054222,0.371196,0.716665,137.826482,0.004915,0.101629,virus
0.600344,74,171,W,1,146.201873,0.943423,0.501719,1.783946,0.084341,0.412182,7.505461,13.354667,0.003133,0.395401,virus
0.885696,80,161,NW,1,150.49289,0.934565,0.513912,0.483889,0.211691,0.357639,0.494169,125.233812,0.005556,0.066501,virus
0.543574,87,40,W,8,158.081741,0.970315,0.518638,0.722241,0.147062,0.681222,4.320024,35.714193,0.003463,0.333373,virus
0.400018,64,174,W,9,157.393706,0.949059,0.513584,0.345804,0.168946,0.303683,0.423208,118.627995,0.005087,0.117977,virus
0.272932,59,183,NW,9,159.800301,0.958918,0.503421,0.360318,0.066461,0.17473,1.484027,25.073277,0.003418,0.218265,virus
0.120135,93,33,W,6,160.627193,0.974989,0.531844,0.218094,0.097875,0.221728,0.275394,112.060786,0.002986,0.46729,virus
0.155087,91,13,W,1,158.125834,0.97034,0.517979,1.004271,0.149385,0.278569,4.360246,74.484811,0.002824,0.019515,virus
0.437658,77,205,W,9,159.753511,0.958539,0.506928,0.843779,0.21928,0.121573,3.296531,95.592174,0.002741,0.135095,virus
0.42161,90,115,NW,7,162.64315,0.9505,0.504638,0.11186,0.087308,0.388045,2.460379,46.525803,0.004857,0.061508,virus
0.433481,66,220,NW,4,162.369634,0.952792,0.502463,1.502072,0.067769,0.379214,5.149624,28.817668,0.003908,0.476178,virus
0.587629,71,48,W,4,170.866342,0.970183,0.512992,0.402612,0.089416,0.554246,1.147832,95.666276,0.00215,0.262206,virus
0.848139,76,222,W,8,170.432465,0.96713,0.514217,0.784181,0.123803,0.663004,8.722252,147.701231,0.002828,0.448013,virus
0.591246,80,230,W,9,170.619525,0.967516,0.51392,0.728642,0.153696,0.359427,1.683639,102.337451,0.00306,0.194437,virus
0.837869,63,117,W,2,173.308231,0.967101,0.511439,0.607374,0.081915,0.493884,3.255227,142.160908,0.003037,0.504969,virus
0.660649,70,231,NW,8,172.950185,0.933259,0.503555,0.207168,0.056316,0.095036,1.227995,47.188871,0.004155,0.223815,virus
0.501925,61,19,NW,2,175.117427,0.976605,0.515935,0.209633,0.151873,0.423021,2.758636,99.128037,0.001921,0.331923,virus
0.65642,74,213,W,8,178.837243,0.984437,0.514575,0.852761,0.142362,0.560624,1.292,134.318531,0.002114,0.442097,virus
0.647812,68,50,W,5,179.737679,0.979736,0.516366,0.703471,0.099914,0.699188,1.725595,133.855512,0.001722,0.321724,virus
0.525147,66,21,W,9,182.16968,0.956505,0.504214,0.397259,0.073834,0.229153,1.238663,140.444799,0.002516,0.612476,virus
0.584594,92,240,W,6,187.630255,0.939346,0.499813,0.167856,0.397622,0.336326,3.313272,137.933451,0.003787,0.563556,virus
0.235499,83,17,W,8,187.219098,0.990607,0.515396,0.679333,0.082751,0.686224,3.057541,42.348904,0.000785,0.449407,virus
0.867116,80,8,W,9,188.401845,0.950423,0.503277,0.06061,0.042248,0.045563,0.53264,138.033713,0.003786,0.652689,virus
0.784128,88,243,W,5,189.474373,0.960639,0.505281,0.11706,0.055977,0.103545,0.1914,136.561177,0.003272,0.64849,virus
0.526911,84,159,W,6,194.571609,0.986438,0.519344,1.070792,0.053335,0.24157,2.278761,44.533281,0.001079,0.546116,virus
0.763048,82,67,W,1,198.193173,0.945426,0.49927,0.925765,0.258659,0.812915,0.708666,125.070535,0.004769,0.674398,virus
0.582882,75,183,W,2,195.548462,0.95453,0.501048,1.794951,0.112677,0.423962,2.168638,63.669777,0.004085,0.69524,virus
0.236218,65,174,W,8,202.240757,0.965364,0.501479,0.617709,0.056661,0.169713,0.787681,60.711862,0.003049,0.454165,virus
0.263475,95,58,W,7,201.451346,0.956432,0.507985,0.991103,0.068914,0.178865,1.183699,50.774751,0.001232,0.461447,virus
0.154263,60,191,W,3,208.166825,0.971537,0.510893,0.373118,0.057572,0.183127,0.491757,125.714501,0.002517,0.444354,virus
0.604015,94,56,NE,9,2.301189,0.545127,0.217789,0.097532,0.045857,0.078075,1.789411,1.614768,0.079311,0.006328,benign
0.718913,68,221,E,8,3.413746,0.715214,0.756416,0.035725,0.247599,0.708102,1.439012,47.823384,0.064165,0.006478,benign
0.43955,63,129,NE,1,2.877773,0.345298,0.193288,0.02149,0.021926,0.090227,0.803143,2.155195,0.11331,0.00512,benign
0.348755,76,17,NE,5,3.903674,0.345981,0.206141,0.128986,0.04042,0.119249,3.680876,2.063443,0.11318,0.005459,benign
0.893307,88,162,S,2,4.551661,0.705311,0.260981,0.051251,0.077473,0.771344,0.078374,59.633888,0.085043,0.011122,benign
0.916927,73,168,S,2,4.893693,0.370823,0.25954,0.021965,0.058299,0.231875,0.105279,57.036762,0.076363,0.015676,benign
0.879196,88,128,S,1,2.317994,0.42402,0.069373,0.017123,0.07233,0.345845,0.057447,58.113222,0.177758,0.013352,benign
0.949026,69,183,SE,4,5.592491,0.619214,0.283256,0.046729,0.05026,0.684323,0.06222,66.661922,0.127547,0.00461,benign
0.52052,65,228,N,2,6.749994,0.648143,0.357057,0.200866,0.146135,0.255726,0.164235,12.642092,0.054808,0.01074,benign
0.252467,68,9,N,8,1.137915,0.087659,0.003399,0.000238,0.0046,0.012196,0.000397,65.978488,0.354935,0.014735,benign
0.602117,94,117,SE,3,4.551661,0.337185,0.786295,0.061124,0.259524,0.943629,0.0832,67.616359,0.179162,0.003307,benign
0.214196,63,50,E,1,4.288479,0.414853,0.140215,0.054223,0.072424,0.298406,0.096666,23.739348,0.131547,0.004715,benign
0.193039,68,51,S,3,1.137915,0.24297,0.050188,0.001845,0.010782,0.084423,0.005529,58.27834,0.248501,0.013182,benign
0.451925,88,63,E,6,3.274197,0.557027,0.632993,0.085594,0.288002,0.496045,0.228019,8.110047,0.039203,0.001336,benign
0.414605,72,3,E,6,3.430812,0.303336,0.097687,0.048781,0.030376,0.317527,0.127444,24.99501,0.168913,0.013252,benign
0.945102,91,233,NE,6,2.335367,0.250697,0.29533,0.012044,0.036156,0.152489,0.015937,34.741317,0.142987,0.005232,benign
0.701749,67,60,E,1,3.661508,0.494007,0.614791,0.060356,0.236425,0.746553,0.159635,50.7653,0.056938,0.014359,benign
0.649486,59,86,SE,9,4.815321,0.518105,0.431174,0.01586,0.08554,0.393693,0.097704,68.629623,0.048955,0.01173,benign
0.757685,68,169,NW,1,1.689331,0.403053,0.702639,0.026109,0.016378,0.646934,0.057253,29.457765,0.137053,0.015043,benign
0.243376,68,118,E,7,5.431506,0.23257,0.548435,0.042408,0.087743,0.090245,0.011096,44.906608,0.169294,0.021266,benign
0.493528,94,81,E,1,3.413746,0.263857,0.326329,0.008035,0.058238,0.066407,0.128706,39.040927,0.183449,0.007899,benign
0.51559,77,126,NE,4,1.514022,0.18106,0.185743,0.043912,0.108944,0.223424,0.049187,48.24564,0.348043,0.002619,benign
0.361741,67,6,S,7,5.689577,0.832285,0.481536,0.020134,0.069435,0.186026,0.191618,46.957804,0.110224,0.013397,benign
0.790698,78,205,S,9,1.877997,0.366536,0.075165,0.016425,0.071313,0.431884,0.042071,57.801606,0.157862,0.010251,benign
0.408157,92,98,S,9,3.688453,0.177856,0.382596,0.015595,0.071176,0.300129,0.015642,57.92093,0.210973,0.006354,benign
0.385613,70,3,SE,5,4.985624,0.288928,0.382087,0.065166,0.042397,0.441547,0.815576,61.220821,0.08748,0.00721,benign
0.258769,94,45,E,2,2.867205,0.184755,0.256348,0.029917,0.22601,0.407252,0.116568,33.326668,0.208065,0.017142,benign